,Unnamed: 0.2,Unnamed: 0.1,Unnamed: 0,index,ID,name,ddg,T,X1,X2,X3,X4,X5,X6,X7,X8,X9,X10,X11,X12,X13,X14,X15,X16,X17,X18,X19,X20,X21,X22,X23,X24,X25,X26,X27,X28,X29,X30,X31,X32,X33,X34,X35,X36,X37,X38,X39,X40,X41,X42,X43,X44,X45,X46,X47,X48,X49,X50,X51,X52,X53,X54,X55,X56,X57,X58,X59,X60,X61,X62,X63,X64,X65,X66,X67,X68,X69,X70,X71,X72,X73,X74,X75,X76,X77,X78,X79,X80,X81,X82,X83,X84,X85,X86,X87,X88,X89,X90,X91,X92,X93,X94,X95,X96,X97,X98,X99,X100,X101,X102,X103,X104,X105,X106,X107,X108,X109,X110,X111,X112,X113,X114,X115,X116,X117,X118,X119,X120,X121,X122,X123,X124,X125,X126,X127,X128,X129,X130,X131,X132,X133,X134,X135,X136,X137,X138,X139,X140,ee
0,0,0,0,0,y1,Xphos,1.66,373.15,1.3513,1.3521,1.1246,1.3949,-0.2574,-0.2571,-0.2622,-0.2167,0.002,0.0025,-0.0263,0.0044,0.26,0.2597,0.194,0.2601,-0.1277,-0.1273,-0.1326,-0.1188,0.0315,0.0312,0.0301,0.0392,0.827,0.829,0.7825,0.829,329.3206,328.6108,328.5103,343.411,4.9,4.97,4.32,4.97,7.52,7.5,7.34,7.87,7.66,7.67,7.57,7.71,103.0,103.0,100.0,113.0,337.0,334.0,334.0,361.0,210.0,210.0,204.0,224.0,157.0,157.0,154.0,167.0,97.0,96.0,91.0,207.0,65.0,63.0,59.0,191.0,293.0,296.0,258.0,298.0,205,0.2,0.2,0.23,0.2,0.13,0.13,0.14,0.13,0.13,0.13,0.13,0.13,0.2421,0.2423,0.0,0.2423,0.2308,0.2308,0.0,0.2339,-0.4025,-0.4022,-0.4167,0.0,0.8003,0.7904,0.0,0.8589,348.5101,345.536,345.4099,389.9024,327.7722,327.6977,323.7597,336.6468,311.6795,312.5988,293.1508,317.2876,558.3365,558.5,556.6,558.5,455.292,455.7,456.5,445.5,0.815443733,0.815935542,0.820158103,0.797672337,-0.0641,-0.0639,-0.0668,-0.0609,0.184556267,0.184064458,0.179841897,0.202327663,0.6446,0.6445,0.659,1.563841508,1.541816646,1.751052315,1.550483621,80.73299235388491
1,1,1,1,1,y2,CPhos,1.73,373.15,0.875,0.876,0.6683,1.0859,-0.2496,-0.2489,-0.2546,-0.2483,0.0053,0.005,0.0037,0.0081,0.25,0.2539,0.252,0.2628,-0.1222,-0.1219,-0.1237,-0.1219,0.0293,0.0293,0.0287,0.0297,0.8371,0.8455,0.7934,0.8455,323.4745,322.7776,313.9278,336.596,4.89,4.97,3.47,5.0,7.69,7.88,7.25,7.97,7.64,7.66,7.62,7.86,102.0,107.0,91.0,113.0,324.0,346.0,288.0,346.0,189.0,191.0,184.0,204.0,149.0,148.0,147.0,154.0,103.0,115.0,84.0,116.0,64.0,61.0,61.0,69.0,243.0,211.0,211.0,307.0,207,0.2,0.2,0.29,0.2,0.13,0.13,0.14,0.13,0.13,0.13,0.13,0.13,0.2471,0.2481,0.2416,0.2497,0.2378,0.2396,0.2254,0.242,-0.3984,-0.3983,-0.4127,-0.3818,0.8098,0.8037,0.7973,0.863,346.572,348.5025,343.3984,376.0766,319.7252,314.7536,314.7536,331.8064,304.1262,305.0768,271.7086,311.1799,495.0971,495.1,494.6,495.8,392.8388,387.9,403.2,382.7,0.793458091,0.783478085,0.815204205,0.771883824,-0.067,-0.0647,-0.073,-0.0647,0.206541909,0.216521915,0.184795795,0.228116176,0.6455,0.6464,0.6624,1.563847633,1.54091732,2.197617743,1.571025964,82.31511857600469
2,2,2,2,2,y3,SPhos,1.77,373.15,0.8103,0.7583,0.7583,3.3903,-0.2511,-0.2512,-0.2561,-0.2466,0.0135,0.0123,0.0107,0.0171,0.26,0.2635,0.2605,0.2684,-0.1188,-0.1195,-0.1219,-0.1149,0.0267,0.0271,0.0251,0.0278,0.8286,0.8307,0.7643,0.8307,324.9962,325.4229,284.1756,355.0999,4.52,4.38,4.33,4.93,7.24,7.3,6.55,7.3,7.72,7.72,7.7,10.27,99.0,100.0,59.0,108.0,311.0,315.0,200.0,315.0,188.0,189.0,130.0,204.0,148.0,148.0,116.0,157.0,93.0,97.0,71.0,122.0,67.0,66.0,52.0,77.0,252.0,246.0,147.0,387.0,192,0.22,0.23,0.23,0.2,0.14,0.14,0.15,0.14,0.13,0.13,0.13,0.1,0.2511,0.2515,0.2411,0.2515,0.2411,0.2424,0.2263,0.2475,-0.3955,-0.3938,-0.4138,-0.3698,0.8235,0.8366,0.779,0.8649,347.5674,345.9341,328.9897,402.4202,327.6798,330.9224,287.4963,357.212,299.7413,299.4122,236.0408,310.5634,457.1732,456.9,456.0,457.8,358.4606,356.5,396.9,349.5,0.784080519,0.780258262,0.870394737,0.763433814,-0.069,-0.0691,-0.0713,-0.0656,0.215919481,0.219741738,0.129605263,0.236566186,0.6466,0.6453,0.6653,1.708851516,1.762365837,1.779608913,2.085387145,83.16564705764428
3,3,3,3,3,y4,RuPhos,1.76,373.15,1.0214,0.9273,0.9035,2.3248,-0.2508,-0.2506,-0.2554,-0.2487,0.0147,0.0141,0.0092,0.0181,0.27,0.2647,0.2605,0.2681,-0.1181,-0.1183,-0.1214,-0.1153,0.0262,0.0264,0.0249,0.0281,0.8274,0.8298,0.7893,0.8373,325.511,325.9327,323.51,337.1419,4.59,4.35,4.34,4.95,8.5,8.78,8.12,8.78,7.72,7.74,7.54,7.75,103.0,107.0,94.0,107.0,335.0,346.0,296.0,366.0,194.0,193.0,176.0,205.0,151.0,153.0,133.0,155.0,85.0,88.0,75.0,97.0,64.0,65.0,59.0,72.0,238.0,234.0,215.0,345.0,203,0.22,0.23,0.23,0.2,0.12,0.11,0.12,0.11,0.13,0.13,0.13,0.13,0.2511,0.2514,0.2442,0.2518,0.2412,0.2422,0.23,0.2433,-0.3956,-0.3937,-0.4098,-0.3928,0.8327,0.8445,0.7865,0.8656,349.9202,348.4175,343.4182,372.474,326.3836,328.4343,320.7152,333.2936,300.2293,300.9463,293.3757,305.6581,528.2082,527.9,527.5,528.8,425.4547,420.7,433.3,421.6,0.805467806,0.796931237,0.821421801,0.797276853,-0.0713,-0.0711,-0.0735,-0.0695,0.194532194,0.203068763,0.178578199,0.202723147,0.6467,0.6451,0.6616,1.683793863,1.780096641,1.737494242,1.564209719,82.95656360246375
4,4,4,4,4,y6,PAd3,-2.16,373.15,1.2056,1.2056,1.2056,1.2056,-0.2468,-0.2468,-0.2468,-0.2468,0.038,0.038,0.038,0.038,0.28,0.2848,0.2848,0.2848,-0.1044,-0.1044,-0.1044,-0.1044,0.0191,0.0191,0.0191,0.0191,0.8388,0.8388,0.8388,0.8388,253.062,253.062,253.062,253.062,5.21,5.21,5.21,5.21,6.88,6.88,6.88,6.88,7.34,7.34,7.34,7.34,67.0,67.0,67.0,67.0,189.0,189.0,189.0,189.0,159.0,159.0,159.0,159.0,141.0,141.0,141.0,141.0,96.0,96.0,96.0,96.0,63.0,63.0,63.0,63.0,252.0,252.0,252.0,252.0,157,0.19,0.19,0.19,0.19,0.15,0.15,0.15,0.15,0.14,0.14,0.14,0.14,0.2196,0.2197,0.2197,0.2197,0.2196,0.2196,0.2196,0.2196,-0.3691,-0.3691,-0.3691,-0.3691,0.7079,0.7079,0.7079,0.7079,338.4637,338.4637,338.4637,338.4637,210.6127,210.6127,210.6127,210.6127,210.1097,210.1097,210.1097,210.1097,459.2,459.2,459.2,459.2,392.4,392.4,392.4,392.4,0.854529617,0.854529617,0.854529617,0.854529617,-0.071,-0.071,-0.071,-0.071,0.145470383,0.145470383,0.145470383,0.145470383,0.5887,0.5888,0.5888,1.40680079,1.40680079,1.40680079,1.40680079,-89.69620590952015
5,5,5,5,5,y7,PhSPhos,2.58,373.15,1.122,1.1208,1.1204,2.8769,-0.2531,-0.2531,-0.2531,-0.2125,0.0042,0.0042,-0.019,0.0042,0.26,0.2573,0.1936,0.2573,-0.1245,-0.1245,-0.1248,-0.1157,0.0301,0.0301,0.0301,0.0346,0.8413,0.8413,0.8373,0.8413,324.6267,324.6416,302.3648,324.6417,4.32,4.32,4.32,4.61,7.16,7.16,6.83,7.16,7.29,7.29,7.29,9.9,93.0,93.0,55.0,93.0,323.0,323.0,180.0,323.0,166.0,167.0,106.0,167.0,127.0,128.0,94.0,128.0,81.0,81.0,70.0,81.0,50.0,50.0,34.0,50.0,149.0,149.0,109.0,149.0,179,0.23,0.23,0.23,0.22,0.14,0.14,0.15,0.14,0.14,0.14,0.14,0.1,0.2633,0.2633,0.0,0.2633,0.2619,0.2619,0.0,0.2619,-0.3975,-0.3975,-0.3975,0.0,0.7847,0.7846,0.0,0.8149,345.6498,345.6566,335.5488,345.6661,330.11,330.133,295.7455,330.1353,298.1204,298.1353,275.8001,298.1525,441.9986,442.0,439.9,442.0,348.9241,348.9,384.9,348.9,0.789423541,0.789366516,0.874971584,0.789366516,-0.0563,-0.0563,-0.0563,-0.0559,0.210576459,0.210633484,0.125028416,0.210633484,0.6608,0.6608,0.6608,1.686976249,1.686660802,1.686660802,2.149697088,94.0186685241861
6,6,6,6,6,y8,PtBu3,-1.09,373.15,1.1727,1.1727,1.1727,1.1727,-0.2548,-0.2548,-0.2548,-0.2548,0.0589,0.0589,0.0589,0.0589,0.31,0.3136,0.3136,0.3136,-0.098,-0.098,-0.098,-0.098,0.0153,0.0153,0.0153,0.0153,0.7854,0.7854,0.7854,0.7854,255.512,255.512,255.512,255.512,4.04,4.04,4.04,4.04,4.87,4.87,4.87,4.87,6.62,6.62,6.62,6.62,66.0,66.0,66.0,66.0,187.0,187.0,187.0,187.0,156.0,156.0,156.0,156.0,138.0,138.0,138.0,138.0,117.0,117.0,117.0,117.0,78.0,78.0,78.0,78.0,433.0,433.0,433.0,433.0,150,0.25,0.25,0.25,0.25,0.21,0.21,0.21,0.21,0.15,0.15,0.15,0.15,0.2066,0.2066,0.2066,0.2066,0.2066,0.2066,0.2066,0.2066,-0.387,-0.387,-0.387,-0.387,0.6896,0.6896,0.6896,0.6896,299.7106,299.7106,299.7106,299.7106,233.5259,233.5259,233.5259,233.5259,233.2996,233.2996,233.2996,233.2996,251.9,251.9,251.9,251.9,186.1,186.1,186.1,186.1,0.738785232,0.738785232,0.738785232,0.738785232,-0.0667,-0.0667,-0.0667,-0.0667,0.261214768,0.261214768,0.261214768,0.261214768,0.5936,0.5936,0.5936,1.640395431,1.640395431,1.640395431,1.640395431,-62.60970027697609
7,7,7,7,7,y9,PoTol3,2.15,373.15,0.5187,0.5143,0.5143,1.5635,-0.2583,-0.2583,-0.2583,-0.2495,0.0004,0.0004,-0.0057,0.0004,0.26,0.2587,0.2464,0.2587,-0.129,-0.129,-0.1307,-0.1263,0.0321,0.0321,0.0321,0.0342,0.8187,0.8187,0.8187,0.836,342.5443,342.7101,305.8453,342.7101,4.47,4.47,4.32,4.47,6.35,6.35,6.35,6.65,6.99,6.98,6.98,7.88,74.0,74.0,60.0,74.0,213.0,213.0,176.0,225.0,141.0,142.0,115.0,142.0,124.0,124.0,104.0,124.0,104.0,105.0,81.0,105.0,68.0,68.0,46.0,68.0,274.0,274.0,124.0,274.0,153,0.22,0.22,0.23,0.22,0.16,0.16,0.16,0.15,0.14,0.14,0.14,0.13,0.2609,0.2609,0.2522,0.2609,0.2608,0.2609,0.247,0.2609,-0.3977,-0.3978,-0.3978,-0.3637,0.7204,0.7201,0.7201,0.7989,347.65,347.7449,336.0495,347.7449,347.5694,347.6783,286.383,347.6783,332.4136,332.7072,279.3654,332.7072,351.1935,351.2,350.4,351.2,277.3471,277.3,290.6,277.3,0.789727316,0.789578588,0.8293379,0.789578588,-0.044,-0.044,-0.0524,-0.044,0.210272684,0.210421412,0.1706621,0.210421412,0.6586,0.6587,0.6587,1.565026539,1.563028973,1.616038151,1.765079934,89.56361083567576
8,8,8,8,8,y10,PAd2nBu,0.84,373.15,1.2789,1.2903,1.2103,1.3309,-0.2545,-0.2548,-0.2548,-0.2498,0.0426,0.0424,0.0401,0.0435,0.3,0.2972,0.2899,0.2978,-0.106,-0.1062,-0.1065,-0.1045,0.0189,0.019,0.0185,0.0191,0.8384,0.8405,0.8218,0.8429,293.419,290.6992,285.0351,312.4302,4.67,4.64,4.11,4.98,7.15,7.42,6.81,7.42,7.48,7.48,7.46,8.59,64.0,62.0,60.0,76.0,197.0,188.0,188.0,254.0,151.0,149.0,143.0,168.0,135.0,134.0,130.0,147.0,87.0,85.0,80.0,113.0,65.0,65.0,60.0,73.0,238.0,228.0,196.0,319.0,150,0.21,0.22,0.24,0.2,0.14,0.13,0.15,0.13,0.13,0.13,0.13,0.12,0.2339,0.2344,0.2293,0.2353,0.2294,0.2298,0.2224,0.2301,-0.3878,-0.3874,-0.3919,-0.3698,0.7789,0.7854,0.7583,0.7888,345.0717,345.3505,327.0103,368.7081,307.4253,300.0861,287.8115,342.4183,227.7599,226.6609,214.2127,230.5302,391.9647,392.0,391.7,392.2,327.5973,329.6,331.8,316.1,0.835782661,0.840816327,0.847076845,0.805966344,-0.0671,-0.0674,-0.0698,-0.0629,0.164217339,0.159183673,0.152923155,0.194033656,0.6217,0.6218,0.6272,1.601280185,1.612704299,1.815680646,1.724097111,51.27101459252645
9,9,9,9,9,y11,PCy3,1.19,373.15,1.3606,1.367,1.175,1.3803,-0.2577,-0.2577,-0.2607,-0.2515,0.0536,0.0536,0.049,0.0576,0.31,0.3113,0.3025,0.3129,-0.102,-0.1021,-0.1052,-0.0983,0.0167,0.0167,0.0155,0.0178,0.8115,0.8144,0.7606,0.8233,305.7137,303.9873,285.3414,341.306,4.41,4.41,3.87,4.62,6.75,6.77,6.45,6.83,7.66,7.71,7.38,7.82,58.0,58.0,55.0,77.0,185.0,183.0,179.0,225.0,140.0,139.0,136.0,161.0,128.0,127.0,124.0,141.0,79.0,77.0,70.0,79.0,61.0,61.0,55.0,360.0,203.0,197.0,173.0,311.0,139,0.23,0.23,0.26,0.22,0.15,0.15,0.16,0.15,0.13,0.13,0.14,0.13,0.2355,0.2361,0.2283,0.2384,0.2311,0.231,0.2235,0.2361,-0.3972,-0.3963,-0.4113,-0.3741,0.8183,0.8167,0.7971,0.8536,344.0779,340.6443,331.103,387.7448,298.0273,294.3164,260.8538,349.4035,275.0358,277.0012,259.734,301.7434,324.0768,324.1,323.7,324.5,266.0394,266.5,268.4,247.5,0.820914672,0.822277075,0.829162805,0.762711864,-0.0663,-0.0664,-0.07,-0.0622,0.179085328,0.177722925,0.170837195,0.237288136,0.6327,0.6324,0.6497,1.736326974,1.750522063,1.904465669,1.691841593,66.5375966822923
10,10,10,10,10,y12,PtBu2neopentyl,-0.76,373.15,1.1256,1.1256,1.1256,1.1658,-0.2589,-0.2589,-0.2589,-0.2186,0.0516,0.0516,0.035,0.0516,0.31,0.3105,0.2536,0.3105,-0.1036,-0.1036,-0.1036,-0.0918,0.0173,0.0173,0.0163,0.0173,0.7879,0.7879,0.7879,0.7937,300.6455,300.6455,265.5047,300.6624,3.99,3.99,3.93,3.99,6.18,6.18,5.56,6.18,6.64,6.64,6.64,7.88,73.0,73.0,62.0,73.0,205.0,205.0,195.0,205.0,160.0,160.0,147.0,160.0,145.0,145.0,135.0,145.0,126.0,126.0,114.0,126.0,84.0,84.0,70.0,84.0,476.0,476.0,317.0,476.0,158,0.25,0.25,0.25,0.25,0.16,0.16,0.18,0.16,0.15,0.15,0.15,0.13,0.2206,0.2206,0.0,0.2214,0.2119,0.2119,0.0,0.2119,-0.3998,-0.3998,-0.3998,0.0,0.7411,0.7411,0.0,0.7411,340.6102,340.6102,298.4168,340.6102,310.6854,310.6854,272.9395,310.7019,250.6411,250.6411,225.1578,250.6787,270.2,270.2,270.2,271.6,197.0,197.0,207.9,198.4,0.729089563,0.729089563,0.769430052,0.730486009,-0.0623,-0.0623,-0.0689,-0.0623,0.270910437,0.270910437,0.230569948,0.269513991,0.6204,0.6204,0.6212,1.662009914,1.662009914,1.687228364,1.973361374,-47.18571186017868
11,11,11,11,11,y14,PtBu2Me,1.0,373.15,1.2383,1.2383,1.2383,1.2384,-0.2617,-0.2617,-0.2617,-0.2617,0.0568,0.0568,0.0568,0.0568,0.32,0.3185,0.3185,0.3185,-0.1024,-0.1024,-0.1024,-0.1024,0.0165,0.0165,0.0165,0.0165,0.7938,0.7938,0.7938,0.7939,309.2477,309.2477,309.2477,309.2825,3.31,3.31,3.31,3.31,4.87,4.87,4.87,4.87,6.63,6.63,6.63,6.63,57.0,57.0,57.0,57.0,185.0,185.0,185.0,185.0,138.0,138.0,138.0,138.0,128.0,128.0,128.0,128.0,97.0,97.0,97.0,97.0,72.0,72.0,72.0,72.0,345.0,345.0,345.0,345.0,135,0.3,0.3,0.3,0.3,0.21,0.21,0.21,0.21,0.15,0.15,0.15,0.15,0.2234,0.2233,0.2233,0.2234,0.2131,0.2131,0.213,0.2131,-0.4017,-0.4017,-0.4017,-0.4017,0.7394,0.7394,0.7394,0.7394,360.3611,360.3611,360.3611,360.386,328.3032,328.3032,328.2691,328.3201,239.079,239.079,239.079,239.1413,200.6,200.6,200.6,200.6,143.3,143.3,143.3,143.3,0.714356929,0.714356929,0.714356929,0.714356929,-0.0638,-0.0638,-0.0638,-0.0638,0.285643071,0.285643071,0.285643071,0.285643071,0.6251,0.625,0.6251,2.00429016,2.00429016,2.00429016,2.00429016,58.77915590534829
12,12,12,12,12,y17,PPh3,1.84,373.15,1.5134,1.5134,1.5132,1.5134,-0.2646,-0.2646,-0.2646,-0.225,-0.0002,-0.0002,-0.0239,-0.0002,0.26,0.2645,0.2011,0.2645,-0.1324,-0.1324,-0.1324,-0.1245,0.0332,0.0331,0.0331,0.0385,0.8285,0.8285,0.8285,0.8285,319.7471,319.7471,319.7471,319.7944,4.27,4.27,4.27,4.27,6.34,6.34,6.34,6.34,7.12,7.12,7.12,7.12,52.0,52.0,52.0,52.0,163.0,163.0,163.0,163.0,104.0,104.0,104.0,104.0,93.0,93.0,93.0,93.0,77.0,77.0,77.0,77.0,34.0,34.0,34.0,34.0,90.0,90.0,90.0,90.0,126,0.23,0.23,0.23,0.23,0.16,0.16,0.16,0.16,0.14,0.14,0.14,0.14,0.2544,0.2544,0.0,0.2544,0.2544,0.2544,0.0,0.2544,-0.4058,-0.4058,-0.4058,0.0,0.7486,0.7486,0.0,0.7486,342.2334,342.2334,342.2334,342.3824,308.5382,308.5382,308.5382,308.5464,308.4697,308.4697,308.4544,308.4697,301.2,301.2,301.2,301.2,249.4,249.4,249.4,249.4,0.828021248,0.828021248,0.828021248,0.828021248,-0.0476,-0.0476,-0.0476,-0.0476,0.171978752,0.171978752,0.171978752,0.171978752,0.6602,0.6602,0.6602,1.668713814,1.668713814,1.668713814,1.668713814,84.56507365278843
13,13,13,13,13,y23,2-C5 monoXantphos,1.88,373.15,1.6685,1.657,1.657,2.4052,-0.2582,-0.2581,-0.2611,-0.2208,-0.0015,-0.0014,-0.0316,-0.0014,0.26,0.2567,0.1891,0.2567,-0.1299,-0.1298,-0.1348,-0.1262,0.0328,0.0328,0.0328,0.0421,0.8481,0.8483,0.8355,0.8483,327.5258,327.812,309.1197,327.812,4.21,4.21,4.11,4.21,8.67,8.7,7.02,8.7,7.35,7.29,7.29,11.48,58.0,58.0,54.0,58.0,218.0,219.0,184.0,219.0,114.0,114.0,102.0,114.0,93.0,93.0,92.0,93.0,64.0,64.0,64.0,71.0,33.0,33.0,31.0,33.0,111.0,112.0,71.0,112.0,140,0.24,0.24,0.24,0.24,0.12,0.11,0.14,0.11,0.14,0.14,0.14,0.09,0.2565,0.2565,0.0,0.2565,0.2521,0.2521,0.0,0.2521,-0.4047,-0.4049,-0.4049,0.0,0.783,0.7826,0.0,0.8058,350.1542,350.2186,346.0106,350.2205,332.3945,332.646,316.2169,332.6518,300.0285,300.5713,265.1256,300.5713,436.1939,436.2,435.8,436.2,378.0521,378.0,381.4,378.0,0.866706527,0.866574966,0.875172097,0.866574966,-0.052,-0.052,-0.052,-0.0509,0.133293473,0.133425034,0.124827903,0.133425034,0.6612,0.6614,0.6614,1.745718426,1.729828561,1.770438417,2.726575486,85.31610907230564
14,14,14,14,14,y24,3-C9,2.36,373.15,1.6454,2.0534,0.5439,2.7555,-0.2485,-0.2496,-0.2514,-0.2058,-0.016,-0.0163,-0.0379,-0.0153,0.23,0.2334,0.1687,0.2338,-0.1323,-0.1329,-0.1345,-0.1214,0.0376,0.0379,0.0369,0.0446,0.8428,0.8431,0.8381,0.8431,328.571,329.591,302.4568,329.5927,4.32,4.3,4.3,4.57,7.23,6.89,6.89,8.13,7.31,7.27,7.27,9.85,92.0,92.0,55.0,93.0,312.0,312.0,176.0,312.0,163.0,163.0,106.0,164.0,119.0,117.0,95.0,125.0,67.0,66.0,66.0,71.0,46.0,44.0,33.0,50.0,119.0,111.0,87.0,140.0,178,0.23,0.23,0.23,0.22,0.14,0.15,0.15,0.12,0.14,0.14,0.14,0.1,0.2601,0.2598,0.0,0.2609,0.2579,0.2579,0.0,0.2579,-0.4003,-0.4003,-0.4003,0.0,0.7988,0.7972,0.0,0.8127,348.9911,348.7176,335.1671,349.7427,333.9268,335.216,297.662,335.2199,302.7951,304.8393,274.5413,304.8393,466.0265,466.0,463.7,466.1,373.8383,374.1,408.9,373.1,0.802182494,0.8027897,0.881820142,0.800472002,-0.0576,-0.0591,-0.0591,-0.0535,0.197817506,0.1972103,0.118179858,0.199527998,0.6604,0.6601,0.6612,1.691605882,1.689252934,1.689252934,2.158169076,92.03503848559221
15,15,15,15,15,y25,PhXPhos,2.64,373.15,1.5025,1.5278,1.233,1.5278,-0.2597,-0.2597,-0.2601,-0.2557,-0.0075,-0.0074,-0.0103,-0.0071,0.25,0.2523,0.2462,0.253,-0.1336,-0.1336,-0.1341,-0.1324,0.0354,0.0354,0.0353,0.0361,0.8431,0.8432,0.8385,0.8487,331.4719,331.4124,292.903,331.5744,4.36,4.36,4.36,4.69,7.45,7.45,7.3,7.64,7.33,7.33,7.33,11.32,100.0,101.0,58.0,105.0,322.0,331.0,191.0,352.0,189.0,194.0,112.0,201.0,133.0,134.0,95.0,140.0,107.0,106.0,74.0,107.0,55.0,55.0,40.0,57.0,230.0,231.0,110.0,233.0,199,0.23,0.23,0.23,0.21,0.13,0.13,0.14,0.13,0.14,0.14,0.14,0.09,0.2566,0.2566,0.2542,0.2566,0.2534,0.2534,0.2463,0.2534,-0.4035,-0.4034,-0.4037,-0.3817,0.809,0.8092,0.7871,0.9284,351.7273,351.7339,333.2578,357.1174,336.6238,336.4847,287.7517,336.8108,306.0645,306.0186,257.6997,308.2095,542.6997,542.7,539.8,542.7,442.6952,442.2,482.1,438.2,0.81572774,0.814814815,0.893108559,0.80744426,-0.0522,-0.0522,-0.0569,-0.0511,0.18427226,0.185185185,0.106891441,0.19255574,0.6601,0.66,0.6603,1.681759765,1.681414508,1.681646049,2.411762199,94.47072750456425
16,16,16,16,16,y26,35CF3_PhSPhos,3.33,373.15,4.58,4.61,4.3,4.61,-0.28,-0.28,-0.28,-0.28,-0.04,-0.04,-0.04,-0.04,0.24,0.24,0.24,0.24,-0.16,-0.16,-0.16,-0.16,0.05,0.05,0.05,0.05,0.9,0.9,0.8,0.9,321.8,323.1,308.0,323.1,5.1673,5.155,5.16,5.2967,7.7377,7.7433,7.6789,7.7433,8.769,8.651,8.651,10.0176,91.1066,94.5,55.2,94.5,302.8263,312.1,204.7,312.1,164.728,168.7,122.7,168.7,123.1477,125.6,97.2,125.6,71.8841,72.1,69.6,72.1,50.2323,50.5,47.4,50.5,210.6627,210.3,210.3,214.5,187,0.193524665,0.193986421,0.193986421,0.188796798,0.12923737,0.129143905,0.130226986,0.129143905,0.114038089,0.115593573,0.115593573,0.099824309,0.23,0.23,0.23,0.23,0.23,0.23,0.22,0.23,-0.43,-0.43,-0.43,-0.42,0.8,0.8,0.8,0.8,345.7,345.4,345.4,349.0,327.3,330.7,290.9,330.7,292.3,293.0,284.1,293.0,613.0359,613.2,611.3,613.2,521.9293,518.7,556.1,518.7,0.85138456,0.845890411,0.909700638,0.845890411,-0.03,-0.03,-0.03,-0.029,0.14861544,0.154109589,0.090299362,0.154109589,0.6598,0.6611,0.6611,1.697017785,1.678176528,1.678176528,1.891290804,97.78239331092182
17,17,17,17,17,y27,PhSPhos-D2 (oTolSPhos),1.76,373.15,1.2274,1.224,0.8884,2.5646,-0.2498,-0.2498,-0.2558,-0.2098,0.005,0.0051,-0.0175,0.0051,0.25,0.2549,0.1923,0.2549,-0.1224,-0.1224,-0.1308,-0.1137,0.0294,0.0294,0.0294,0.0342,0.8343,0.8341,0.8265,0.8414,340.8909,341.3307,314.881,345.4871,4.47,4.47,4.22,4.71,7.17,7.17,6.57,7.43,7.21,7.2,7.2,9.95,107.0,107.0,71.0,112.0,315.0,314.0,235.0,347.0,179.0,179.0,137.0,198.0,138.0,138.0,123.0,151.0,99.0,99.0,91.0,109.0,66.0,66.0,51.0,67.0,276.0,277.0,166.0,277.0,196,0.22,0.22,0.24,0.21,0.14,0.14,0.15,0.13,0.14,0.14,0.14,0.1,0.2678,0.2679,0.0,0.2679,0.2655,0.2655,0.0,0.2655,-0.3927,-0.3929,-0.3989,0.0,0.7866,0.7863,0.0,0.8605,349.6823,349.9047,336.9948,364.5229,339.1569,339.4728,314.8281,347.1344,333.8334,334.6147,277.4603,334.6147,475.3764,475.4,473.0,475.4,368.3084,368.2,401.8,363.7,0.774772159,0.774505679,0.849471459,0.765039966,-0.0553,-0.0553,-0.0577,-0.0505,0.225227841,0.225494321,0.150528541,0.234960034,0.6605,0.6608,0.6668,1.613152069,1.609292243,1.707069031,2.113561987,82.95656360246375
18,18,18,18,18,y28,4CF3_PhSPhos,3.21,373.15,4.2005,4.2006,3.7421,4.2013,-0.2705,-0.2705,-0.2705,-0.228,-0.0249,-0.0249,-0.0472,-0.0248,0.25,0.2455,0.1809,0.2456,-0.1477,-0.1477,-0.1484,-0.1375,0.0444,0.0444,0.0444,0.0524,0.8524,0.8524,0.8465,0.8524,323.7458,323.7497,307.5547,323.7635,4.59,4.59,4.59,5.24,7.99,7.99,7.99,8.17,7.96,7.96,7.96,9.44,93.0,93.0,53.0,93.0,323.0,323.0,183.0,323.0,166.0,167.0,108.0,167.0,127.0,127.0,94.0,127.0,68.0,68.0,50.0,68.0,50.0,50.0,34.0,50.0,137.0,137.0,137.0,139.0,180,0.22,0.22,0.22,0.19,0.13,0.13,0.13,0.12,0.13,0.13,0.13,0.11,0.2443,0.2444,0.0,0.2444,0.2426,0.2426,0.0,0.2426,-0.4165,-0.4165,-0.4165,0.0,0.776,0.776,0.0,0.7772,345.001,345.0007,344.829,346.0938,330.4494,330.4571,298.6516,330.4747,295.787,295.7913,277.9188,295.8024,527.5994,527.6,525.3,527.6,434.4091,434.4,472.2,434.4,0.823369208,0.823351024,0.898914906,0.823351024,-0.0399,-0.0399,-0.0399,-0.0384,0.176630792,0.176648976,0.101085094,0.176648976,0.6608,0.6609,0.6609,1.734363422,1.734373638,1.734373638,1.801832586,97.39791990820281
19,19,19,19,19,y29,35CF3_PhXPhos,3.26,373.15,3.55,3.55,3.55,3.98,-0.29,-0.29,-0.29,-0.29,-0.05,-0.05,-0.05,-0.05,0.24,0.24,0.24,0.24,-0.17,-0.17,-0.17,-0.17,0.06,0.06,0.06,0.06,0.9,0.9,0.9,0.9,330.0,330.0,296.0,330.0,5.9158,5.9158,5.68,5.9158,7.7593,7.7593,7.7593,7.8104,8.8897,8.8893,8.8893,11.4864,101.993,102.0,55.8,102.0,340.5795,340.6,205.1,340.6,198.3894,198.4,128.2,198.4,136.7949,136.8,103.2,136.8,102.4957,102.5,74.3,102.5,54.5987,54.6,45.7,54.6,247.7972,247.8,229.2,247.8,206,0.169038845,0.169038845,0.176078038,0.169038845,0.128877605,0.128877605,0.128877605,0.128034416,0.112489735,0.112494797,0.112494797,0.087059479,0.22,0.22,0.22,0.22,0.22,0.22,0.22,0.22,-0.44,-0.44,-0.44,-0.42,0.8,0.8,0.8,0.8,354.1,354.1,335.8,354.2,334.1,334.1,280.6,334.1,301.7,301.7,271.4,301.8,713.7997,713.8,711.5,713.8,611.8067,611.8,655.7,611.8,0.857112577,0.85710283,0.921574139,0.85710283,-0.029,-0.029,-0.029,-0.024,0.142887423,0.14289717,0.078425861,0.14289717,0.6598,0.6598,0.6599,1.502704622,1.502637006,1.565210501,1.941647791,97.56552443834221
20,20,20,20,20,y30,PtBu2Cy,0.73,373.15,1.2138,1.2124,1.1379,1.2406,-0.2543,-0.2544,-0.2561,-0.2532,0.0558,0.0558,0.0552,0.0571,0.31,0.3101,0.3101,0.312,-0.0993,-0.0993,-0.1001,-0.0981,0.0159,0.0159,0.0155,0.0161,0.8081,0.8084,0.7647,0.8084,268.4474,268.2579,268.2579,293.8552,3.97,3.97,3.97,4.06,6.56,6.56,5.89,6.78,7.45,7.45,6.67,7.45,65.0,65.0,63.0,73.0,194.0,194.0,188.0,211.0,151.0,151.0,150.0,163.0,136.0,136.0,134.0,138.0,99.0,99.0,97.0,111.0,71.0,71.0,71.0,78.0,334.0,335.0,329.0,384.0,147,0.25,0.25,0.25,0.25,0.15,0.15,0.17,0.15,0.13,0.13,0.15,0.13,0.2211,0.2211,0.2099,0.2211,0.2148,0.215,0.2043,0.215,-0.3837,-0.3838,-0.4026,-0.3796,0.7369,0.7383,0.7107,0.7484,315.3756,315.6205,309.6281,341.8263,253.2344,252.4295,252.4295,305.8522,236.7323,236.7238,233.8872,237.0221,276.492,276.5,275.4,276.5,211.6871,211.6,212.4,203.7,0.76561745,0.765280289,0.77124183,0.736708861,-0.0673,-0.0673,-0.0681,-0.0645,0.23438255,0.234719711,0.22875817,0.263291139,0.6048,0.6049,0.6237,1.875506965,1.877938768,1.681920121,1.837199556,45.59830828884858
21,21,21,21,21,y31,PtBu2Ph,1.21,373.15,1.2285,1.2285,1.2285,1.2285,-0.2632,-0.2632,-0.2633,-0.2632,0.0047,0.0047,0.0047,0.0047,0.27,0.268,0.268,0.268,-0.1293,-0.1293,-0.1293,-0.1293,0.0312,0.0312,0.0312,0.0312,0.8037,0.8037,0.8037,0.8037,277.6154,277.6154,277.6154,277.6261,3.93,3.93,3.93,3.93,6.43,6.43,6.43,6.43,7.46,7.46,7.46,7.46,64.0,64.0,64.0,64.0,193.0,193.0,193.0,193.0,145.0,145.0,145.0,145.0,128.0,128.0,128.0,128.0,96.0,96.0,96.0,96.0,66.0,66.0,66.0,66.0,297.0,297.0,297.0,297.0,145,0.25,0.25,0.25,0.25,0.16,0.16,0.16,0.16,0.13,0.13,0.13,0.13,0.2287,0.2287,0.2287,0.2287,0.2112,0.2112,0.2112,0.2112,-0.3878,-0.3878,-0.3878,-0.3878,0.7714,0.7714,0.7714,0.7714,315.6409,315.6409,315.6409,315.658,260.8842,260.8842,260.8842,260.8977,256.3212,256.3212,256.3212,256.3227,268.7,268.7,268.7,268.7,204.5,204.5,204.5,204.5,0.761071827,0.761071827,0.761071827,0.761071827,-0.0618,-0.0618,-0.0618,-0.0618,0.238928173,0.238928173,0.238928173,0.238928173,0.6165,0.6165,0.6165,1.89852638,1.89852638,1.89852638,1.89852638,67.28239266590684
22,22,22,22,22,y32,PtBuCy2,1.05,373.15,1.2988,1.3025,1.1549,1.3274,-0.2568,-0.2577,-0.2585,-0.2531,0.0544,0.054,0.0509,0.056,0.31,0.3117,0.3069,0.3121,-0.1012,-0.1019,-0.1038,-0.0988,0.0165,0.0166,0.0158,0.0174,0.8064,0.8044,0.7461,0.8171,289.9742,291.6251,277.3927,322.666,4.06,3.99,3.85,4.24,6.74,6.8,6.02,6.8,7.51,7.51,6.71,7.61,61.0,60.0,59.0,78.0,188.0,184.0,184.0,244.0,146.0,147.0,144.0,167.0,132.0,133.0,129.0,146.0,92.0,91.0,80.0,112.0,66.0,66.0,60.0,81.0,271.0,268.0,229.0,410.0,144,0.25,0.25,0.26,0.24,0.15,0.15,0.17,0.15,0.13,0.13,0.15,0.13,0.2272,0.2265,0.2152,0.2308,0.2139,0.2131,0.207,0.2215,-0.3934,-0.3965,-0.4148,-0.3789,0.7685,0.7694,0.753,0.7916,333.6502,338.1435,322.4261,361.4473,282.9387,282.8008,263.7274,327.7074,253.3338,253.931,230.2001,278.8433,300.3061,300.3,299.2,300.6,239.4434,239.9,240.2,222.6,0.797331123,0.798867799,0.802807487,0.740518962,-0.0664,-0.0661,-0.0685,-0.0625,0.202668877,0.201132201,0.197192513,0.259481038,0.6206,0.623,0.6456,1.850489169,1.881988978,1.742556008,1.79389295,60.94207567462346
23,23,23,23,23,y35,4CF3_PhXPhos,3.06,373.15,3.12,3.12,3.12,3.67,-0.28,-0.28,-0.28,-0.28,-0.03,-0.03,-0.03,-0.03,0.24,0.24,0.24,0.25,-0.15,-0.15,-0.16,-0.15,0.05,0.05,0.05,0.05,0.9,0.9,0.8,0.9,330.8,330.8,294.1,330.8,5.4059,5.4059,4.89,5.4059,8.0291,8.0291,8.0291,8.1918,7.943,7.9427,7.9427,11.5282,99.8971,99.9,56.6,99.9,301.8927,301.9,194.0,301.9,188.1946,188.2,108.7,188.2,132.9976,133.0,98.2,133.0,104.0982,104.1,76.8,104.1,54.3989,54.4,37.8,54.4,234.4961,234.5,177.1,234.5,198,0.184983074,0.184983074,0.204386126,0.184983074,0.12454696,0.12454696,0.12454696,0.122073293,0.125897016,0.125901771,0.125901771,0.086743811,0.24,0.24,0.24,0.24,0.24,0.24,0.23,0.24,-0.42,-0.42,-0.42,-0.4,0.8,0.8,0.8,0.8,352.8,352.8,337.1,352.8,334.5,334.5,283.5,334.5,305.0,305.0,261.7,305.0,628.3999,628.4,626.5,628.4,528.5028,528.5,569.9,528.5,0.841029415,0.841024825,0.909656824,0.841024825,-0.038,-0.038,-0.038,-0.034,0.158970585,0.158975175,0.090343176,0.158975175,0.6598,0.6598,0.6598,1.469320557,1.469265062,1.623377685,2.132521874,96.82380467733266
